gw,entry,entry_name,player_name,gw_points,total_points,league_rank,overall_rank,captain,vice,chip,transfers,hit_points,bench_points,team_value,bank,chips_used,snapshot
5,41757,Øde Toilette,Alex Imam,48,379,1,90304,Haaland,Calvert-Lewin,,1,0,8,1013,0,bboost@1+3xc@3,2026-10-08T205838Z
5,6913443,TRAMAMPOLINE!,Jason Milton-Barker,44,342,2,1133076,Haaland,Kinsky,,1,0,16,1006,7,,2026-10-08T205838Z
5,888210,Cala-fornication,Thomas Holmes,39,336,3,1470767,B.Fernandes,Haaland,,3,0,7,1009,3,bboost@1+wildcard@4,2026-10-08T205838Z
5,8205933,Buntingford Sensible,Richard Loveridge,66,327,4,2099042,Haaland,Calvert-Lewin,,0,0,4,1004,0,,2026-10-08T205838Z
5,2826110,EZPeasyLammensQueasy,Billy Jeffries,59,311,5,3453347,Haaland,Rogers,wildcard,0,0,16,1002,8,wildcard@5,2026-10-08T205838Z
5,6756883,Brobbeytrap,Erik de Kock,50,310,6,3566390,Haaland,B.Fernandes,,2,0,0,997,1,,2026-10-08T205838Z
5,6376934,Heshy's Summer,Kelvin Muturi,38,303,7,4214211,Haaland,Palmer,,1,0,21,998,4,bboost@1+3xc@3,2026-10-08T205838Z
5,2107617,Ecuadorian Derrière,Lawrence al-Hafez,45,297,8,4771462,Palmer,João Pedro,,2,0,10,1001,9,bboost@1,2026-10-08T205838Z
5,2171229,CCW fc,Robert Gold,36,275,9,6668924,Haaland,Rogers,,3,4,24,1007,49,wildcard@3,2026-10-08T205838Z
5,1218083,Barfightlona,R.W. de Kock,52,270,10,7008173,Haaland,Gvardiol,,1,0,11,1002,3,3xc@3+wildcard@4,2026-10-08T205838Z
